id,title,content,author,date,category,image,likes,saves,userid
5,Exploring the Mountains: A Journey Through the Alps,"The Alps have always been a place of mystery and wonder. This blog post takes you through my latest adventure, where I explored the hidden trails and picturesque villages. I met with local guides who shared stories passed down through generations, and I captured some stunning photos of the landscape. Join me as I recount the challenges and joys of hiking in one of the most beautiful places on Earth. From the best routes to hidden gems, this comprehensive guide will inspire your next mountain adventure.",Jane Doe,2024-03-01 09:00:00+05:30,Travel,https://images.unsplash.com/photo-1700244088686-dac84f5891c6?q=80&w=2069&auto=format&fit=crop&ixlib=rb-4.0.3&ixid=M3wxMjA3fDB8MHxwaG90by1wYWdlfHx8fGVufDB8fHx8fA%3D%3D,0,0,0
6,The Art of Mindful Living: Tips and Techniques,"In todays fast-paced world, mindfulness has become more important than ever. In this post, we delve into the art of mindful living, exploring techniques that can help you stay grounded and present. From meditation practices to mindful eating, we cover various aspects of incorporating mindfulness into your daily routine. Personal anecdotes and expert interviews provide a deep understanding of how mindfulness can transform your life, leading to greater peace and fulfillment.",John Smith,2024-03-02 10:30:00+05:30,Lifestyle,https://images.unsplash.com/photo-1611800065908-233b597db552?q=80&w=2070&auto=format&fit=crop&ixlib=rb-4.0.3&ixid=M3wxMjA3fDB8MHxwaG90by1wYWdlfHx8fGVufDB8fHx8fA%3D%3D,0,0,0
8,The Future of Technology: Innovations to Watch,"Technology is evolving at an unprecedented pace, and staying ahead of the curve is crucial. This post explores the latest innovations in technology, from artificial intelligence to quantum computing. We discuss the potential impacts of these advancements on various industries and everyday life. Interviews with tech experts provide insights into what the future holds and how we can prepare for the changes ahead. Stay informed and inspired by the possibilities of tomorrow.",Alex Johnson,2024-03-04 12:15:00+05:30,Technology,https://images.unsplash.com/photo-1516110833967-0b5716ca1387?q=80&w=1974&auto=format&fit=crop&ixlib=rb-4.0.3&ixid=M3wxMjA3fDB8MHxwaG90by1wYWdlfHx8fGVufDB8fHx8fA%3D%3D,0,0,0
9,Sustainable Living: How to Reduce Your Carbon Footprint,"With climate change becoming an ever-pressing issue, sustainable living is more important than ever. This post provides practical tips on how to reduce your carbon footprint, from simple changes in your daily routine to larger lifestyle adjustments. We cover topics such as energy efficiency, waste reduction, and sustainable fashion. Learn how small actions can make a big difference in protecting our planet for future generations.",Emma Green,2024-03-05 13:30:00+05:30,Environment,https://images.unsplash.com/photo-1548337138-e87d889cc369?q=80&w=1796&auto=format&fit=crop&ixlib=rb-4.0.3&ixid=M3wxMjA3fDB8MHxwaG90by1wYWdlfHx8fGVufDB8fHx8fA%3D%3D,0,0,0
10,Fitness for All: Creating an Inclusive Workout Space,"Fitness should be accessible to everyone, regardless of their abilities or background. This post explores ways to create an inclusive workout space, whether it is at home or in a gym. We discuss adaptive exercises, the importance of community support, and how to overcome common barriers to fitness. Personal stories and expert advice provide inspiration and practical solutions for making fitness a part of everyones life.",Chris Lee,2024-03-06 14:45:00+05:30,Fitness,https://images.unsplash.com/photo-1549576490-b0b4831ef60a?q=80&w=2070&auto=format&fit=crop&ixlib=rb-4.0.3&ixid=M3wxMjA3fDB8MHxwaG90by1wYWdlfHx8fGVufDB8fHx8fA%3D%3D,0,0,0
12,Exploring Ancient Civilizations: A Glimpse into the Past,"History has always fascinated us, and ancient civilizations hold many secrets and lessons. This post takes you on a journey through some of the worlds most intriguing ancient cultures, from the Egyptians to the Mayans. Learn about their achievements, daily life, and the mysteries that still surround them. With engaging narratives and historical insights, this post brings the past to life and encourages a deeper appreciation for our shared heritage.",David King,2024-03-08 16:15:00+05:30,History,https://plus.unsplash.com/premium_photo-1661962345279-4d1d7a98409a?q=80&w=2070&auto=format&fit=crop&ixlib=rb-4.0.3&ixid=M3wxMjA3fDB8MHxwaG90by1wYWdlfHx8fGVufDB8fHx8fA%3D%3D,0,0,0
13,Navigating the World of Freelancing: Tips for Success,"Freelancing offers the freedom to work on your terms, but it also comes with its own set of challenges. This post provides valuable tips for navigating the world of freelancing, from finding clients to managing your time effectively. Learn how to set your rates, handle contracts, and maintain a healthy work-life balance. Whether you are a seasoned freelancer or just starting out, this guide will help you achieve success and enjoy the benefits of freelance work.",Sarah Taylor,2024-03-09 17:30:00+05:30,Career,https://images.unsplash.com/photo-1585076641399-5c06d1b3365f?q=80&w=2070&auto=format&fit=crop&ixlib=rb-4.0.3&ixid=M3wxMjA3fDB8MHxwaG90by1wYWdlfHx8fGVufDB8fHx8fA%3D%3D,0,0,0
14,The Power of Music: Healing and Inspiration,"Music has the power to heal, inspire, and bring people together. This blog post explores the profound impact of music on our lives, from its therapeutic benefits to its role in cultural expression. Learn about different genres, the science behind music therapy, and how to incorporate more music into your daily routine. Personal stories and expert insights highlight the ways in which music can transform and uplift us, making it an essential part of our well-being.",Michael Brown,2024-03-10 18:45:00+05:30,Music,https://images.unsplash.com/photo-1535712534465-8ac1112ed593?q=80&w=2069&auto=format&fit=crop&ixlib=rb-4.0.3&ixid=M3wxMjA3fDB8MHxwaG90by1wYWdlfHx8fGVufDB8fHx8fA%3D%3D,0,0,0
40,Smart Investment Strategies,"Investing wisely is key to building wealth. This post offers smart investment strategies, including tips on diversification, risk management, and long-term planning. Learn how to make informed investment decisions for financial success.",James Davis,2024-05-24 12:15:00+05:30,Finance,https://images.unsplash.com/photo-1535320903710-d993d3d77d29?q=80&w=2070&auto=format&fit=crop&ixlib=rb-4.0.3&ixid=M3wxMjA3fDB8MHxwaG90by1wYWdlfHx8fGVufDB8fHx8fA%3D%3D,0,0,0
3,The Impact of Artificial Intelligence on Modern Businesses,"Artificial Intelligence (AI) is no longer a concept of the future. It''s very much a part of our present, reshaping industries and enhancing the capabilities of existing systems. From automating routine tasks to offering intelligent insights, AI is proving to be a boon for businesses. With advancements in machine learning and deep learning, businesses can now address previously insurmountable problems and tap into new opportunities.",Mia Williams,2023-08-05 20:00:00+05:30,Technology,https://images.unsplash.com/photo-1488229297570-58520851e868?q=80&w=2069&auto=format&fit=crop&ixlib=rb-4.0.3&ixid=M3wxMjA3fDB8MHxwaG90by1wYWdlfHx8fGVufDB8fHx8fA%3D%3D,0,0,0
4,The Rise of Decentralized Finance,"Decentralized Finance (DeFi) is an emerging and rapidly evolving field in the blockchain industry. It refers to the shift from traditional, centralized financial systems to peer-to-peer finance enabled by decentralized technologies built on Ethereum and other blockchains. With the promise of reduced dependency on the traditional banking sector, DeFi platforms offer a wide range of services, from lending and borrowing to insurance and trading.",Alex Thompson,2024-02-17 12:39:42.695+05:30,Finance,https://images.unsplash.com/photo-1579621970795-87facc2f976d?q=80&w=2070&auto=format&fit=crop&ixlib=rb-4.0.3&ixid=M3wxMjA3fDB8MHxwaG90by1wYWdlfHx8fGVufDB8fHx8fA%3D%3D,0,0,0
16,The Impact of Election Campaigns on Society,Election campaigns significantly influence public opinion and social dynamics. This post examines the various strategies used in modern campaigns and their effects on voter behavior. Interviews with political analysts provide insights into the evolving landscape of politics.,John Smith,2024-05-02 10:30:00+05:30,Politics,https://images.unsplash.com/photo-1541872703-74c5e44368f9?q=80&w=2006&auto=format&fit=crop&ixlib=rb-4.0.3&ixid=M3wxMjA3fDB8MHxwaG90by1wYWdlfHx8fGVufDB8fHx8fA%3D%3D,0,0,0
17,Emerging Tech Trends in 2024,"Stay ahead with the latest tech trends. This blog post delves into cutting-edge technologies such as AI, blockchain, and 5G. Learn how these innovations are transforming industries and what to expect in the coming years.",Emily Clark,2024-05-03 11:45:00+05:30,Technology,https://images.unsplash.com/photo-1611926653458-09294b3142bf?q=80&w=2070&auto=format&fit=crop&ixlib=rb-4.0.3&ixid=M3wxMjA3fDB8MHxwaG90by1wYWdlfHx8fGVufDB8fHx8fA%3D%3D,0,0,0
18,Investing in Green Technologies,"Green technologies are not only beneficial for the environment but also present lucrative investment opportunities. This post explores various green tech investments, their potential returns, and their impact on sustainable development.",David Lee,2024-05-04 12:15:00+05:30,Finance,https://plus.unsplash.com/premium_photo-1663011236143-62855453066b?q=80&w=2070&auto=format&fit=crop&ixlib=rb-4.0.3&ixid=M3wxMjA3fDB8MHxwaG90by1wYWdlfHx8fGVufDB8fHx8fA%3D%3D,0,0,0
19,Healthy Eating on a Budget,Eating healthy doesn’t have to be expensive. This blog post provides practical tips and recipes for maintaining a nutritious diet without breaking the bank. Discover affordable ingredients and meal planning strategies that promote health and wellness.,Olivia Johnson,2024-05-05 13:30:00+05:30,Food,https://images.unsplash.com/photo-1512621776951-a57141f2eefd?q=80&w=2070&auto=format&fit=crop&ixlib=rb-4.0.3&ixid=M3wxMjA3fDB8MHxwaG90by1wYWdlfHx8fGVufDB8fHx8fA%3D%3D,0,0,0
20,The Benefits of Recycling,"Recycling is crucial for environmental conservation. This post discusses the benefits of recycling, from reducing landfill waste to conserving natural resources. Learn how to effectively recycle various materials and contribute to a sustainable future.",Michael Green,2024-05-06 14:45:00+05:30,Environment,https://images.unsplash.com/photo-1591193686104-fddba4d0e4d8?q=80&w=2070&auto=format&fit=crop&ixlib=rb-4.0.3&ixid=M3wxMjA3fDB8MHxwaG90by1wYWdlfHx8fGVufDB8fHx8fA%3D%3D,0,0,0
21,Creating a Home Gym on a Budget,"You don’t need a lot of money to create an effective home gym. This blog post offers tips on setting up a home workout space with affordable equipment. From resistance bands to DIY weights, discover how to stay fit at home.",Rachel Brown,2024-05-07 15:00:00+05:30,Fitness,https://images.unsplash.com/photo-1627257058769-0a99529e4312?q=80&w=2070&auto=format&fit=crop&ixlib=rb-4.0.3&ixid=M3wxMjA3fDB8MHxwaG90by1wYWdlfHx8fGVufDB8fHx8fA%3D%3D,0,0,0
22,Understanding Historical Artifacts,"Historical artifacts offer a glimpse into past civilizations. This post explores the significance of various artifacts, how they were discovered, and what they tell us about ancient cultures. Engage with history through these fascinating objects.",William King,2024-05-08 16:15:00+05:30,History,https://images.unsplash.com/photo-1663888672547-360e763e4ac7?q=80&w=2070&auto=format&fit=crop&ixlib=rb-4.0.3&ixid=M3wxMjA3fDB8MHxwaG90by1wYWdlfHx8fGVufDB8fHx8fA%3D%3D,0,0,0
23,Climbing the Career Ladder,"Career advancement requires strategic planning and effort. This blog post provides tips on how to climb the career ladder, from networking to continuous learning. Learn how to set and achieve professional goals for a successful career.",Sophia Taylor,2024-05-09 17:30:00+05:30,Career,https://images.unsplash.com/photo-1545829050-26b8064db776?q=80&w=1974&auto=format&fit=crop&ixlib=rb-4.0.3&ixid=M3wxMjA3fDB8MHxwaG90by1wYWdlfHx8fGVufDB8fHx8fA%3D%3D,0,0,0
24,Exploring Modern Art Trends,"Modern art continues to evolve with new trends and styles. This post explores current trends in the art world, featuring interviews with contemporary artists and gallery owners. Discover the innovative techniques and themes shaping modern art.",Liam Brown,2024-05-10 18:45:00+05:30,Arts,https://images.unsplash.com/photo-1532640331846-d2da5987c3ee?q=80&w=1840&auto=format&fit=crop&ixlib=rb-4.0.3&ixid=M3wxMjA3fDB8MHxwaG90by1wYWdlfHx8fGVufDB8fHx8fA%3D%3D,0,0,0
41,Exploring World Cuisines,"Travel the world through food with this blog post that explores various global cuisines. Learn about traditional dishes, cooking techniques, and cultural significance of food from different regions. Expand your culinary horizons with our guide to world cuisines.",Isabella Martinez,2024-05-25 13:30:00+05:30,Food,https://images.unsplash.com/photo-1583338917496-7ea264c374ce?q=80&w=2070&auto=format&fit=crop&ixlib=rb-4.0.3&ixid=M3wxMjA3fDB8MHxwaG90by1wYWdlfHx8fGVufDB8fHx8fA%3D%3D,0,0,0
15,Meditation for a Balanced Life,"Meditation is essential for maintaining mental balance. This blog explores techniques to integrate meditation into your daily routine, offering tips for beginners and experienced practitioners. From deep breathing exercises to guided meditations, discover how to achieve peace and mindfulness.",Anna White,2024-05-01 09:00:00+05:30,Lifestyle,https://images.unsplash.com/photo-1532798442725-41036acc7489?q=80&w=1974&auto=format&fit=crop&ixlib=rb-4.0.3&ixid=M3wxMjA3fDB8MHxwaG90by1wYWdlfHx8fGVufDB8fHx8fA%3D%3D,0,0,0
25,Exploring the Mountains: A Journey Through the Alps,"The Alps have always been a place of mystery and wonder. This blog post takes you through my latest adventure, where I explored the hidden trails and picturesque villages. I met with local guides who shared stories passed down through generations, and I captured some stunning photos of the landscape. Join me as I recount the challenges and joys of hiking in one of the most beautiful places on Earth. From the best routes to hidden gems, this comprehensive guide will inspire your next mountain adventure.",Jane Doe,2024-03-01 09:00:00+05:30,Travel,https://images.unsplash.com/photo-1507039915464-9d829b6d2d78?q=80&w=2070&auto=format&fit=crop&ixlib=rb-4.0.3&ixid=M3wxMjA3fDB8MHxwaG90by1wYWdlfHx8fGVufDB8fHx8fA%3D%3D,0,0,0
26,Gardening Tips for Beginners,"Gardening can be a rewarding and therapeutic activity. This blog post offers essential tips for beginners, including choosing the right plants, understanding soil types, and proper watering techniques. Start your gardening journey today.",Hannah Wilson,2024-05-11 09:00:00+05:30,Lifestyle,https://images.unsplash.com/photo-1592863690346-6b28b8effea8?q=80&w=2070&auto=format&fit=crop&ixlib=rb-4.0.3&ixid=M3wxMjA3fDB8MHxwaG90by1wYWdlfHx8fGVufDB8fHx8fA%3D%3D,0,0,0
27,Understanding Global Politics,"Global politics is complex and ever-changing. This post provides an overview of key political issues around the world, offering insights into international relations and geopolitical trends. Stay informed about global events and their implications.",Lucas White,2024-05-12 10:30:00+05:30,Politics,https://images.unsplash.com/photo-1621977717126-e29965156a27?q=80&w=1968&auto=format&fit=crop&ixlib=rb-4.0.3&ixid=M3wxMjA3fDB8MHxwaG90by1wYWdlfHx8fGVufDB8fHx8fA%3D%3D,0,0,0
28,The Rise of Quantum Computing,"Quantum computing is set to revolutionize technology. This blog post explores the basics of quantum computing, its potential applications, and the challenges it faces. Learn how this groundbreaking technology could change the future.",Emma Davis,2024-05-13 11:45:00+05:30,Technology,https://images.unsplash.com/photo-1609151376730-f246ec0b99e5?q=80&w=1974&auto=format&fit=crop&ixlib=rb-4.0.3&ixid=M3wxMjA3fDB8MHxwaG90by1wYWdlfHx8fGVufDB8fHx8fA%3D%3D,0,0,0
30,Delicious Vegan Recipes,"Vegan cuisine offers a variety of delicious and healthy options. This blog post shares mouth-watering vegan recipes that are easy to prepare. From breakfast to dinner, discover how to create nutritious and tasty vegan meals.",Sophia Miller,2024-05-15 13:30:00+05:30,Food,https://images.unsplash.com/photo-1493770348161-369560ae357d?q=80&w=2070&auto=format&fit=crop&ixlib=rb-4.0.3&ixid=M3wxMjA3fDB8MHxwaG90by1wYWdlfHx8fGVufDB8fHx8fA%3D%3D,0,0,0
31,Protecting Endangered Species,Protecting endangered species is vital for biodiversity. This post highlights efforts to conserve endangered animals and what you can do to help. Learn about the challenges facing these species and the importance of wildlife conservation.,Ava Green,2024-05-16 14:45:00+05:30,Environment,https://plus.unsplash.com/premium_photo-1669256682073-c21165668d9c?q=80&w=2070&auto=format&fit=crop&ixlib=rb-4.0.3&ixid=M3wxMjA3fDB8MHxwaG90by1wYWdlfHx8fGVufDB8fHx8fA%3D%3D,0,0,0
32,Yoga for Mental Health,Yoga is beneficial for both physical and mental health. This blog post explores yoga practices that specifically aid in improving mental well-being. Discover poses and breathing exercises that can reduce stress and enhance mindfulness.,Liam Clark,2024-05-17 15:00:00+05:30,Fitness,https://images.unsplash.com/photo-1575052814086-f385e2e2ad1b?q=80&w=2070&auto=format&fit=crop&ixlib=rb-4.0.3&ixid=M3wxMjA3fDB8MHxwaG90by1wYWdlfHx8fGVufDB8fHx8fA%3D%3D,0,0,0
33,Exploring World War II History,"World War II was a pivotal event in history. This post delves into various aspects of the war, including major battles, key figures, and its lasting impact. Gain a deeper understanding of this significant period through detailed narratives and analysis.",Ethan King,2024-05-18 16:15:00+05:30,History,https://images.unsplash.com/photo-1541339246244-261d72e381b7?q=80&w=1974&auto=format&fit=crop&ixlib=rb-4.0.3&ixid=M3wxMjA3fDB8MHxwaG90by1wYWdlfHx8fGVufDB8fHx8fA%3D%3D,0,0,0
34,Balancing Work and Life,Achieving a healthy work-life balance is essential for well-being. This blog post offers strategies for managing work commitments while making time for personal activities and self-care. Learn how to set boundaries and prioritize effectively.,Olivia Taylor,2024-05-19 17:30:00+05:30,Career,https://images.unsplash.com/photo-1520333789090-1afc82db536a?q=80&w=2071&auto=format&fit=crop&ixlib=rb-4.0.3&ixid=M3wxMjA3fDB8MHxwaG90by1wYWdlfHx8fGVufDB8fHx8fA%3D%3D,0,0,0
36,The Best Beaches Around the World,"Explore some of the most beautiful beaches around the world. This blog post highlights stunning beaches from various continents, offering travel tips and insights into what makes each destination unique. Plan your next beach getaway with our guide.",Liam Martin,2024-03-11 09:00:00+05:30,Travel,https://images.unsplash.com/photo-1473116763249-2faaef81ccda?q=80&w=1796&auto=format&fit=crop&ixlib=rb-4.0.3&ixid=M3wxMjA3fDB8MHxwaG90by1wYWdlfHx8fGVufDB8fHx8fA%3D%3D,0,0,0
37,Creating a Zen Living Space,"Your living space has a profound impact on your well-being. This blog post offers tips for creating a Zen-inspired home, focusing on minimalist design, natural elements, and calming colors. Transform your space into a sanctuary of peace and tranquility.",Grace White,2024-05-21 09:00:00+05:30,Lifestyle,https://images.unsplash.com/photo-1657624592927-107a37b72e55?q=80&w=2070&auto=format&fit=crop&ixlib=rb-4.0.3&ixid=M3wxMjA3fDB8MHxwaG90by1wYWdlfHx8fGVufDB8fHx8fA%3D%3D,0,0,0
38,The Role of Media in Politics,"Media plays a crucial role in shaping political opinions. This post examines the influence of media on politics, discussing the impact of news outlets, social media, and propaganda. Understand how media coverage affects public perception and political outcomes.",Mason Brown,2024-05-22 10:30:00+05:30,Politics,https://images.unsplash.com/photo-1698199071311-bd5fe0e37449?q=80&w=1974&auto=format&fit=crop&ixlib=rb-4.0.3&ixid=M3wxMjA3fDB8MHxwaG90by1wYWdlfHx8fGVufDB8fHx8fA%3D%3D,0,0,0
39,The Evolution of Smartphones,"Smartphones have drastically changed over the years. This blog post traces the evolution of smartphones, highlighting key advancements in technology and design. Discover how smartphones have transformed communication and daily life.",Ella Wilson,2024-05-23 11:45:00+05:30,Technology,https://images.unsplash.com/photo-1596742578443-7682ef5251cd?q=80&w=1908&auto=format&fit=crop&ixlib=rb-4.0.3&ixid=M3wxMjA3fDB8MHxwaG90by1wYWdlfHx8fGVufDB8fHx8fA%3D%3D,0,0,0
29,Managing Personal Finances,"Effective personal finance management is crucial for financial stability. This post offers tips on budgeting, saving, and investing. Learn how to make smart financial decisions and achieve your financial goals.",Ethan Brown,2024-05-14 12:15:00+05:30,Finance,https://images.unsplash.com/photo-1604594849809-dfedbc827105?q=80&w=2070&auto=format&fit=crop&ixlib=rb-4.0.3&ixid=M3wxMjA3fDB8MHxwaG90by1wYWdlfHx8fGVufDB8fHx8fA%3D%3D,2,1,0
42,Renewable Energy Sources,"Renewable energy is the future of power generation. This post explores different types of renewable energy sources, such as solar, wind, and hydroelectric power. Learn about their benefits, challenges, and potential to transform our energy landscape.",Sophia Green,2024-05-26 14:45:00+05:30,Environment,https://images.unsplash.com/photo-1452179535021-368bb0edc3a8?q=80&w=2048&auto=format&fit=crop&ixlib=rb-4.0.3&ixid=M3wxMjA3fDB8MHxwaG90by1wYWdlfHx8fGVufDB8fHx8fA%3D%3D,0,0,0
43,High-Intensity Interval Training,"High-Intensity Interval Training (HIIT) is an effective workout method. This blog post covers the benefits of HIIT, how to get started, and sample workout routines. Incorporate HIIT into your fitness regimen for improved cardiovascular health and fat loss.",Lucas Brown,2024-05-27 15:00:00+05:30,Fitness,https://images.unsplash.com/photo-1534258936925-c58bed479fcb?q=80&w=1931&auto=format&fit=crop&ixlib=rb-4.0.3&ixid=M3wxMjA3fDB8MHxwaG90by1wYWdlfHx8fGVufDB8fHx8fA%3D%3D,0,0,0
44,Ancient Roman Civilization,"The Roman civilization left a lasting legacy on the world. This post explores the history, culture, and achievements of ancient Rome. From architecture to politics, learn about the key aspects that defined this great civilization.",Lily King,2024-05-28 16:15:00+05:30,History,https://images.unsplash.com/reserve/unsplash_52d3d6f9853e9_1.JPG?q=80&w=2063&auto=format&fit=crop&ixlib=rb-4.0.3&ixid=M3wxMjA3fDB8MHxwaG90by1wYWdlfHx8fGVufDB8fHx8fA%3D%3D,0,0,0
45,The Future of Remote Work,"Remote work is becoming increasingly common. This blog post discusses the future of remote work, including its benefits, challenges, and best practices for productivity. Learn how to adapt to and thrive in a remote work environment.",Liam Taylor,2024-05-29 17:30:00+05:30,Career,https://images.unsplash.com/photo-1588196749597-9ff075ee6b5b?q=80&w=1974&auto=format&fit=crop&ixlib=rb-4.0.3&ixid=M3wxMjA3fDB8MHxwaG90by1wYWdlfHx8fGVufDB8fHx8fA%3D%3D,0,0,0
46,Exploring Modern Sculpture,"Modern sculpture is a dynamic and evolving art form. This post explores notable modern sculptures and artists, discussing their techniques and the themes they explore. Gain a deeper appreciation for contemporary sculpture through our detailed analysis.",Emma White,2024-05-30 18:45:00+05:30,Arts,https://images.unsplash.com/photo-1667476156044-7ab0fd306b7f?q=80&w=2070&auto=format&fit=crop&ixlib=rb-4.0.3&ixid=M3wxMjA3fDB8MHxwaG90by1wYWdlfHx8fGVufDB8fHx8fA%3D%3D,0,0,0
47,The Wonders of South American Rainforests,"South American rainforests are rich in biodiversity and natural beauty. This blog post highlights the wonders of these rainforests, including unique wildlife and plant species. Plan your next adventure with our guide to exploring South American rainforests.",Ethan Walker,2024-03-12 09:00:00+05:30,Travel,https://images.unsplash.com/photo-1560851691-ebb64b584d3d?q=80&w=1799&auto=format&fit=crop&ixlib=rb-4.0.3&ixid=M3wxMjA3fDB8MHxwaG90by1wYWdlfHx8fGVufDB8fHx8fA%3D%3D,0,0,0
48,Mindful Parenting Techniques,"Parenting can be challenging, but mindfulness can help. This blog post offers techniques for mindful parenting, including stress management and communication strategies. Learn how to create a nurturing and supportive environment for your children.",Chloe Martinez,2024-05-31 09:00:00+05:30,Lifestyle,https://images.unsplash.com/photo-1651431936616-b9dd60d16eb8?q=80&w=2070&auto=format&fit=crop&ixlib=rb-4.0.3&ixid=M3wxMjA3fDB8MHxwaG90by1wYWdlfHx8fGVufDB8fHx8fA%3D%3D,0,0,0
49,Understanding Political Ideologies,"Political ideologies shape the policies and governance of nations. This post provides an overview of major political ideologies, their origins, and their impact on contemporary politics. Gain a deeper understanding of the political spectrum.",Oliver Brown,2024-06-01 10:30:00+05:30,Politics,https://images.unsplash.com/photo-1568920011133-e68fb433562e?q=80&w=2070&auto=format&fit=crop&ixlib=rb-4.0.3&ixid=M3wxMjA3fDB8MHxwaG90by1wYWdlfHx8fGVufDB8fHx8fA%3D%3D,0,0,0
50,The Impact of AI on Jobs,"Artificial intelligence is transforming the job market. This blog post explores the impact of AI on various industries, including potential job displacement and new opportunities. Learn how to adapt to the changing job landscape in the age of AI.",Amelia Wilson,2024-06-02 11:45:00+05:30,Technology,https://images.unsplash.com/photo-1655393001768-d946c97d6fd1?q=80&w=2076&auto=format&fit=crop&ixlib=rb-4.0.3&ixid=M3wxMjA3fDB8MHxwaG90by1wYWdlfHx8fGVufDB8fHx8fA%3D%3D,0,0,0
51,Cryptocurrency Investing Tips,"Cryptocurrency investing can be highly rewarding but also risky. This post provides tips for investing in cryptocurrencies, including how to choose the right coins, manage risk, and stay informed about market trends. Maximize your returns with our expert advice.",Benjamin Davis,2024-06-03 12:15:00+05:30,Finance,https://images.unsplash.com/photo-1563986768711-b3bde3dc821e?q=80&w=2068&auto=format&fit=crop&ixlib=rb-4.0.3&ixid=M3wxMjA3fDB8MHxwaG90by1wYWdlfHx8fGVufDB8fHx8fA%3D%3D,0,0,0
52,The Joy of Baking Bread,"Baking bread at home can be a fulfilling and delicious activity. This blog post shares tips and recipes for baking various types of bread, from sourdough to whole wheat. Learn the techniques and secrets to baking perfect bread every time.",Sofia Martinez,2024-06-04 13:30:00+05:30,Food,https://images.unsplash.com/flagged/photo-1561668038-2742fcef75d7?q=80&w=2070&auto=format&fit=crop&ixlib=rb-4.0.3&ixid=M3wxMjA3fDB8MHxwaG90by1wYWdlfHx8fGVufDB8fHx8fA%3D%3D,0,0,0
55,Discovering Medieval History,"Medieval history is filled with fascinating events and figures. This post explores key aspects of the medieval period, including feudalism, the Crusades, and daily life. Dive into the rich history of the Middle Ages and uncover its secrets.",Ethan King,2024-06-07 16:15:00+05:30,History,https://images.unsplash.com/photo-1517775040268-83cbbbd76cf0?q=80&w=2015&auto=format&fit=crop&ixlib=rb-4.0.3&ixid=M3wxMjA3fDB8MHxwaG90by1wYWdlfHx8fGVufDB8fHx8fA%3D%3D,0,1,0
54,Benefits of Pilates for Core Strength,"Pilates is excellent for building core strength and stability. This blog post covers the benefits of Pilates, essential exercises, and how to incorporate Pilates into your fitness routine. Improve your posture and core strength with these techniques.",Ava Brown,2024-06-06 15:00:00+05:30,Fitness,https://images.unsplash.com/photo-1522898467493-49726bf28798?q=80&w=2070&auto=format&fit=crop&ixlib=rb-4.0.3&ixid=M3wxMjA3fDB8MHxwaG90by1wYWdlfHx8fGVufDB8fHx8fA%3D%3D,0,1,0
53,Protecting Marine Ecosystems,Marine ecosystems are vital for environmental health. This post discusses the importance of marine conservation and steps you can take to protect our oceans. Learn about the challenges facing marine life and how to contribute to their preservation.,Liam Green,2024-06-05 14:45:00+05:30,Environment,https://plus.unsplash.com/premium_photo-1661841439995-1706237c83dc?q=80&w=2070&auto=format&fit=crop&ixlib=rb-4.0.3&ixid=M3wxMjA3fDB8MHxwaG90by1wYWdlfHx8fGVufDB8fHx8fA%3D%3D,0,1,0
58,The Best Hiking Trails in North America,"North America offers some of the best hiking trails in the world. This blog post highlights top hiking destinations, providing tips for planning your trips and what to expect on the trails. Get inspired to explore the great outdoors.",Sophia Martin,2024-03-13 09:00:00+05:30,Travel,https://images.unsplash.com/photo-1592859600972-1b0834d83747?q=80&w=2070&auto=format&fit=crop&ixlib=rb-4.0.3&ixid=M3wxMjA3fDB8MHxwaG90by1wYWdlfHx8fGVufDB8fHx8fA%3D%3D,0,0,0
59,The Importance of a Balanced Diet for Optimal Health,"Maintaining a balanced diet is crucial for overall health and well-being. This post explores the essential nutrients needed by the body, the benefits of a balanced diet, and practical tips for incorporating a variety of foods into your meals. Learn how to make healthier choices that can improve your energy levels, immune system, and long-term health.",Alice Green,2024-05-01 09:00:00+05:30,Health,https://images.unsplash.com/photo-1533622597524-a1215e26c0a2?q=80&w=2070&auto=format&fit=crop&ixlib=rb-4.0.3&ixid=M3wxMjA3fDB8MHxwaG90by1wYWdlfHx8fGVufDB8fHx8fA%3D%3D,0,0,0
60,The Benefits of Regular Exercise for Mental Health,"Regular exercise is not only beneficial for physical health but also plays a significant role in mental well-being. This blog post discusses how physical activity can reduce stress, anxiety, and depression. Discover various forms of exercise that can boost your mood and mental health, and find tips for staying motivated to keep active.",Brian White,2024-05-02 10:30:00+05:30,Health,https://images.unsplash.com/photo-1620147461831-a97b99ade1d3?q=80&w=1854&auto=format&fit=crop&ixlib=rb-4.0.3&ixid=M3wxMjA3fDB8MHxwaG90by1wYWdlfHx8fGVufDB8fHx8fA%3D%3D,0,0,0
61,Understanding the Role of Sleep in Overall Health,"Sleep is a vital component of overall health, impacting both physical and mental well-being. This post delves into the importance of good sleep hygiene, the effects of sleep deprivation, and strategies for improving sleep quality. Learn how to establish a healthy sleep routine and why getting enough rest is crucial for your health.",Catherine Blue,2024-05-03 11:45:00+05:30,Health,https://images.unsplash.com/photo-1686827985962-6303655a2e92?q=80&w=2070&auto=format&fit=crop&ixlib=rb-4.0.3&ixid=M3wxMjA3fDB8MHxwaG90by1wYWdlfHx8fGVufDB8fHx8fA%3D%3D,0,0,0
62,Managing Stress: Effective Techniques and Tips,"Stress management is essential for maintaining good health and well-being. This blog post explores various stress-reducing techniques such as mindfulness, meditation, and physical activity. Understand the impact of chronic stress on your body and mind, and find practical advice on how to manage stress in your daily life.",Daniel Black,2024-05-04 12:15:00+05:30,Health,https://images.unsplash.com/photo-1577253313708-cab167d2c474?q=80&w=2038&auto=format&fit=crop&ixlib=rb-4.0.3&ixid=M3wxMjA3fDB8MHxwaG90by1wYWdlfHx8fGVufDB8fHx8fA%3D%3D,0,0,0
63,Healthy Aging: Tips for Staying Active and Vital,"Aging is a natural part of life, but staying active and maintaining a healthy lifestyle can enhance your quality of life as you age. This post provides tips on staying physically and mentally active, the importance of social connections, and how to make healthy choices that promote longevity and vitality.",Evelyn Brown,2024-05-05 13:30:00+05:30,Health,https://images.unsplash.com/photo-1616286608358-0e1b143f7d2f?q=80&w=2070&auto=format&fit=crop&ixlib=rb-4.0.3&ixid=M3wxMjA3fDB8MHxwaG90by1wYWdlfHx8fGVufDB8fHx8fA%3D%3D,0,0,0
64,"Dogs, the true loyal friends.","In a world where relationships can often be fickle and transient, there exists a steadfast companion whose loyalty knows no bounds: the dog. Throughout history, dogs have earned the esteemed title of '"man''s best friend'" not only for their companionship but also for their unwavering devotion. In this exploration, we delve into the remarkable loyalty that dogs exhibit, revealing the depths of their affection and the profound impact they have on our lives.

**A Tale of Devotion**

The loyalty of dogs is perhaps best exemplified through countless tales of their unwavering devotion to their human counterparts. Stories abound of dogs braving treacherous conditions to stand by their owners'' sides, whether in times of danger or simply in moments of need. From search and rescue missions to everyday acts of kindness, dogs have consistently demonstrated their commitment to the well-being of those they love.

**An Evolutionary Connection**

The bond between humans and dogs is rooted in a history that spans thousands of years. Archaeological evidence suggests that dogs were among the first animals to be domesticated by humans, forging a symbiotic relationship that has endured throughout the ages. This deep connection is ingrained in our shared evolution, with dogs evolving alongside us as loyal companions and invaluable allies.

**A Source of Comfort and Support**

Beyond their role as faithful companions, dogs also serve as sources of comfort and support in times of distress. Their innate ability to empathize with human emotions allows them to provide solace during moments of sadness or stress. Whether offering a comforting paw or simply lending a listening ear, dogs have a unique gift for easing our burdens and lifting our spirits.

**The Power of Unconditional Love**

At the heart of a dog''s loyalty lies the essence of unconditional love. Unlike many relationships that are contingent upon certain conditions or expectations, the bond between a human and their dog is characterized by pure, unadulterated affection. Regardless of our flaws or shortcomings, dogs offer us acceptance and devotion without reservation, reminding us of the inherent goodness within us all.

**Conclusion: A Testament to the Human-Dog Bond**

In conclusion, the loyalty of dogs stands as a testament to the profound bond shared between humans and their canine companions. From ancient times to the present day, dogs have remained steadfast allies, offering us their unwavering support and affection. In a world that can often feel chaotic and uncertain, the loyalty of dogs serves as a beacon of hope and a reminder of the enduring power of love.

---

This blog post celebrates the timeless connection between humans and dogs, highlighting the remarkable loyalty that has made them cherished members of our families and communities.",KUSH BHAKKAD,2024-05-27 19:43:39.4+05:30,Environment,https://images.unsplash.com/photo-1612774412771-005ed8e861d2?crop=entropy&cs=srgb&fm=jpg&ixid=M3w2MTQwNjV8MHwxfHNlYXJjaHwxfHxnb2xkZW4lMjByZXRyaWV2ZXJ8ZW58MHx8fHwxNzE2ODE4NTkyfDA&ixlib=rb-4.0.3&q=85,3,2,3
35,Discovering Contemporary Dance,"Contemporary dance is a dynamic and expressive art form. This post explores its origins, key styles, and notable choreographers. Engage with the world of contemporary dance and learn how it continues to evolve and inspire.",Ava Brown,2024-05-20 18:45:00+05:30,Arts,https://images.unsplash.com/photo-1530137042862-c3ac690ba64f?q=80&w=2070&auto=format&fit=crop&ixlib=rb-4.0.3&ixid=M3wxMjA3fDB8MHxwaG90by1wYWdlfHx8fGVufDB8fHx8fA%3D%3D,1,2,0
7,Culinary Delights: A Journey Through Italian Cuisine,"Italian cuisine is renowned for its rich flavors and diverse dishes. This blog post takes you on a culinary journey through Italy, highlighting traditional recipes and modern twists on classic dishes. Learn about the history of Italian cooking, the importance of fresh ingredients, and the art of pairing food with wine. Whether you are a seasoned chef or a home cook, these recipes and tips will help you bring the taste of Italy into your kitchen.",Maria Rossi,2024-03-03 11:45:00+05:30,Food,https://images.unsplash.com/photo-1579684947550-22e945225d9a?q=80&w=1974&auto=format&fit=crop&ixlib=rb-4.0.3&ixid=M3wxMjA3fDB8MHxwaG90by1wYWdlfHx8fGVufDB8fHx8fA%3D%3D,1,0,0
56,Navigating Career Transitions,"Career transitions can be daunting but rewarding. This blog post offers advice on how to navigate career changes, from identifying your strengths to networking and gaining new skills. Learn how to successfully transition to a new career path.",Olivia Taylor,2024-06-08 17:30:00+05:30,Career,https://images.unsplash.com/photo-1507679799987-c73779587ccf?q=80&w=2071&auto=format&fit=crop&ixlib=rb-4.0.3&ixid=M3wxMjA3fDB8MHxwaG90by1wYWdlfHx8fGVufDB8fHx8fA%3D%3D,0,1,0
11,The Magic of Gardening: Tips for a Thriving Garden,"Gardening is a rewarding hobby that connects you with nature and provides a sense of accomplishment. This blog post offers tips and tricks for creating a thriving garden, whether you have a spacious backyard or a small balcony. Learn about the best plants for different climates, how to care for your garden, and the benefits of growing your own food. With detailed guides and beautiful photos, this post will inspire you to get your hands dirty and start gardening.",Lily Brown,2024-03-07 15:00:00+05:30,Environment,https://plus.unsplash.com/premium_photo-1679765934200-d1cb3153c631?q=80&w=2070&auto=format&fit=crop&ixlib=rb-4.0.3&ixid=M3wxMjA3fDB8MHxwaG90by1wYWdlfHx8fGVufDB8fHx8fA%3D%3D,1,1,0
57,The Influence of Street Art,"Street art is a powerful form of urban expression. This post examines the influence of street art on culture and society, highlighting notable artists and their works. Explore the vibrant world of street art and its impact on modern urban landscapes.",Liam White,2024-06-09 18:45:00+05:30,Arts,https://images.unsplash.com/photo-1540929819775-fcc7d4649250?q=80&w=2070&auto=format&fit=crop&ixlib=rb-4.0.3&ixid=M3wxMjA3fDB8MHxwaG90by1wYWdlfHx8fGVufDB8fHx8fA%3D%3D,1,1,0
66,Who are we ?,"I have been through some tough days these past few months. Life has a way of testing our limits and pushing us to our boundaries. In these challenging times, it becomes imperative to pause and reflect on who we are, both as individuals and as a collective society. This journey of self-discovery and understanding is not just about introspection but also about recognizing the shared experiences that unite us.

The trials and tribulations I''ve faced recently have given me a new perspective on resilience and community. It has made me appreciate the moments of joy and the support systems that often go unnoticed in the hustle of everyday life.

As we navigate through the complexities of our existence, it is essential to ask ourselves, '"Who are we?'" This question transcends personal identity and touches on our roles within the larger tapestry of humanity. Are we defined by our professions, our relationships, or our ambitions? Or is there a deeper essence that binds us together, beyond the superficial labels and societal expectations?

In this blog, I invite you to join me on this exploration of identity and purpose. Together, we will delve into the stories that shape us, the values that guide us, and the aspirations that drive us forward. Let''s uncover the essence of who we are, not just as individuals but as a community bound by shared dreams and collective hopes.

Stay tuned as we embark on this journey of self-discovery and reflection. Your insights and experiences are invaluable, and I look forward to sharing this space with you as we unravel the complexities of our identity.",KUSH BHAKKAD,2024-05-27 22:46:18.521+05:30,Lifestyle,https://images.unsplash.com/photo-1713292661271-e48fd4cc39d6?crop=entropy&cs=srgb&fm=jpg&ixid=M3w2MTQwNjV8MHwxfHNlYXJjaHwxfHxhJTIwc2VyZW5lJTIwc2VhfGVufDB8fHx8MTcxNjgzMDE3OHww&ixlib=rb-4.0.3&q=85,1,3,3
81,Martial Arts and Karate,"Martial arts, an ancient discipline encompassing hand-to-hand combat techniques, boasts a rich history and diverse forms, with karate standing as one such prominent style. Originating in Okinawa, Japan, karate is characterized by powerful strikes, lightning-fast kicks, and graceful movements. Its philosophy emphasizes not just physical prowess but also mental and spiritual development, fostering discipline, respect, and self-control. Karate training involves practicing a series of forms or etas, which are prearranged sequences of techniques that mimic real combat situations. Through repetitive practice, karateka (karate practitioners) develop muscle memory, coordination, and precision. Sparring, a controlled form of fighting, provides opportunities to apply techniques against an opponent and cultivate situational awareness. Karate extends beyond physical training, encompassing a moral code that guides practitioners on and off the dodo floor. It teaches values such as perseverance, humility, and respect for others, ultimately promoting personal growth and well-being. Whether pursued for self-defense, fitness, or as a path to self-discovery, karate offers a comprehensive approach to martial arts, blending physical, mental, and ethical dimensions into a transformative practice.",KUSH BHAKKAD,2024-05-29 11:22:05.244+05:30,Fitness,https://images.unsplash.com/photo-1555597673-b21d5c935865?crop=entropy&cs=srgb&fm=jpg&ixid=M3w2MTQwNjV8MHwxfHNlYXJjaHwxfHxtYXJ0aWFsJTIwYXJ0c3xlbnwwfHx8fDE3MTY5NjE5Mjd8MA&ixlib=rb-4.0.3&q=85,0,0,3
72,Our HOD,AIml hod is very good,KUSH BHAKKAD,2024-05-28 00:35:47.364+05:30,Career,https://images.unsplash.com/photo-1497215728101-856f4ea42174?crop=entropy&cs=srgb&fm=jpg&ixid=M3w2MTQwNjV8MHwxfHNlYXJjaHwxfHxPZmZpY2V8ZW58MHx8fHwxNzE2ODM2NzQ3fDA&ixlib=rb-4.0.3&q=85,2,1,3
